itemid,title,Actual,Human 1,Human 2,Final,Others,Machine prediction,score,score(prof)
1349061182,innisfree no sebum mineral powder,3,"3,11","1,3",3,,3,0.083333333,1
1779718121,termurah ertos baked powder all in 1,3,"3,4,11","1,3",3,,3,0.083333333,1
1716227078,emina bare with me mineral compact powder,3,"3,4,11","1,3",3,,3,0.083333333,1
1788431568,ready stok original emina bare with me mineral cushion 15 gr pakai tempat,3,"1,7,5",1,1,,3,0.083333333,1
1648412665,new inez transflucent anti acne face powder free ongkir,3,"9,11",3,3,,3,0.083333333,1
1732228864,pl ultima ii delicate creme powder make up,1,"1,7,5,3,11","1,3","1,3",,3,0.166666667,1
12321708,nyx eyebrow cake powder,3,"0,3",3,3,,3,0.083333333,1
434072908,chanel natural poudre,4,"3,4","1,3","1,3",,3,0.166666667,1
1750650445,terbaru maybelline fit me matte poreless powder,3,"3,11","1,3","1,3",,3,0.166666667,1
524932546,turun harga paket acne skin radang lv.4 sunblock theraskin murah perawatan wajah,4,"5,4",4,4,Others,4,0.071428571,1
1020802981,termurah cream v natural pisahan pilihan day atau night,4,"5,4",4,4,Others,4,0.071428571,1
1572047771,flas sale cetaphil moizturizing cream 100 gr,4,4,4,4,Others,4,0.071428571,1
1181441445,terbaru laneige white dew snowman puff,4,"5,4",4,4,Others,4,0.071428571,1
1355690662,best seller ready stock kiehls powerful wrinkle reducing eye cream 1.5 ml,7,4,4,4,Others,4,0.071428571,1
1439772246,best item 4pcs set rose gold acne blackhead needle stai baru,4,4,4,4,Others,4,0.071428571,1
218421089,theraskin paket normal glowing wanita yang menginginkan wajah bersih sehat dan cantik,3,"1,7,5",4,4,Others,4,0.071428571,1
1693975155,importstuff laneige bb cushion anti aging asli,5,"3,5","1,5",5,,5,0.083333333,1
1497765271,new produk sk ii sk2 skii atmosphere cc cream uv spf 50 pa 2 sachet 0 8gr barang kualitas,5,"5,9,4",5,5,,5,0.083333333,1
1466477916,cream natural original,5,"1,7,5",4,"1,5",,5,0.166666667,1
310213543,pixy bb cream bright fix,5,5,5,5,,5,0.083333333,1
254699129,the face shop cc cooling cushion,3,5,"1,5",5,,5,0.083333333,1
965880640,night cream black walet lightening bpom,5,"5,4",4,4,Others,5,0.071428571,1
45555539,april skin magic snow cushion pink,5,"5,11",1,1,,5,0.083333333,1
116150681,cc cream fair n pink,5,"5,4",5,5,,5,0.083333333,1
1628212017,full size makep:rem uv defense me blue ray sun gel spf 50 pa 75ml,4,"1,5,4",4,4,Others,5,0.071428571,1
1698740120,skin aqua bb cream spf 27 pa 20gr perfect moisture cn86,5,"5,4",5,5,,5,0.083333333,1
135355771,precious mineral beautifying blok cream moist spf 50 pa,5,5,5,5,,5,0.083333333,1
86147044,etude house cushion,1,"3,11","1,4",1,,5,0.083333333,1
1546078766,bestseller etude house big cover stick concealer,7,"1,7,5",7,7,,7,0.083333333,1
557740584,promo stick concealer waterproof anastasia beverly hills b b2 009,7,"7,1",7,7,,7,0.083333333,1
1734552304,terlaris camuflage cream face concealer make over,7,"1,7,5",7,7,,7,0.083333333,1
1520757766,new anastasia beverly hills brow powder duo,3,3,3,3,,11,0.125,1
1713306954,moreskin lip cream matte,12,"13,15,12,16",16,12,,12,0.058823529,1
338390057,women casual o neck sleeveless backless letter,28,27,"29,28",28,,18,0.066666667,1
1205817790,dress tunik swing casual lengan panjang motif print garis,18,18,18,18,,18,0.066666667,1
783693484,dress v neck lengan pendek model longgar dengan belahan samping motif tie dye,20,"18,22","18,24,19","18,19",,18,0.133333333,1
450349351,bayar di tempat atasan blus dengan bahan katun dan hiasan renda warna polos untuk pantai,27,"27,25",26,"26,27",,18,0.133333333,1
1149199669,gaun wanita model stitching tanpa tali strap dengan potongan ketat dan bahan lace bergaya sexy,18,"18,19","18,22,19","18,19,22",,18,0.2,1
690525674,harga heboh md222 stripe skater dress mn8215 bahan cotton import wanita,17,"22,23,20",21,"17,21",Others,18,0.133333333,1
819799667,h&m v neck flower floral dress,18,"21,20,19,24",18,18,,18,0.066666667,1
1280813138,ourlove dress mini rajut o neck lengan panjang motif kotak untuk wanita,26,"23,18,20",18,18,,18,0.066666667,1
1806813220,tuoyao dress midi o neck lengan panjang high waist motif kotak elegan untuk wanita,18,"18,17",18,"17,18",Others,18,0.133333333,1
1211427677,gaun maxi wanita dengan model split dan motif floral bergaya sexy untuk pantai musim panas,20,"20,21",20,20,,18,0.066666667,1
1762567285,musim gugur dress wanita 2018 baru bordir sifon kemeja lengan panjang vertikal kerah lemak mm hitam,26,18,"18,24","18,24",,18,0.133333333,1
1625588172,women gold velvet dress v neck slim dignified temperament long sleeved maxi party 5031,19,"23,20,19,21","20,19","19,20",,18,0.133333333,1
1153538722,dress lengan 3 4 model high waist slim motif print bunga,18,"18,20,21",18,18,,18,0.066666667,1
975664861,dress wanita pink susun terusan lace brukat polos woman fake two seller,19,23,"18,19","18,19",,19,0.166666667,1
1680767360,trend dress midi mini gaun batik katun combi brukat brokat lace modern etnik party,19,"23,19,21",19,19,,19,0.083333333,1
1490273252,dress kantor pesta batik vn 809 dan 810 bahan katun stretch kombinasi lace,19,"18,17",19,19,,19,0.083333333,1
1528339524,long dress maxi wanita lengan panjang motif bunga untuk pesta malam pantai musim panas,20,"19,21","18,20,19","18,19,20",,20,0.25,1
1813860676,kalira maxy sy long dress maxi casual longgar bahan katun linen warna polos ukuran besar tunik,20,"23,20,19,24","18,20,24","18,20,24",,20,0.25,1
1782291993,se women s mesh sheer long sleeve bodycon party club mini short dress,18,"23,22,19","22,19","19,22",,22,0.285714286,1
1746461129,paling murah 41448 zipper high neck tee atasan tanpa lengan hitam putih pink,22,"28,27","25,28","25,28",,25,0.166666667,1
1471504486,kaos t shirt model lengan pendek high waist desain patchwork renda untuk wanita,25,"27,25",25,25,,25,0.083333333,1
313358941,blus v neck lengan pendek casual hem asimetris motif bunga saku,25,26,26,26,,25,0.083333333,1
1771669285,jaket hoodie lengan panjang longgar bahan fleece tebal untuk pria,27,17,17,17,Others,25,0.083333333,1
1202086475,blus wanita lengan pendek model casual longgar hollow bahan sifon warna polos untuk musim panas 4179,18,"26,27,25",26,26,,25,0.083333333,1
1172676112,girlmaid kaos crop top korea round neck lengan pendek warna polos aksen pita untuk wanita,29,"27,25,29","25,29","25,29",,25,0.166666667,1
688296527,blus round neck tanpa lengan motif print bunga,26,"26,28",26,"26,28",,25,0.166666667,1
1496889920,croft n barraw black rose print viscose pleated split neck hitam m atasan blouse,26,"26,17",26,26,,26,0.071428571,1
805777171,women girl pentagram tees short sleeve cotton t shirt blouse tops,26,"27,25","25,26","25,26",,26,0.142857143,1
86794553,tank top model potongan kasual tanpa lengan bergambar huruf dan bertali halter,28,"28,18,29",28,28,,26,0.071428571,1
922500003,new korean style dress sleeveless combination,18,"18,20,21",18,18,,26,0.071428571,1
1027758365,bu657 size xl floral silk vintage baju premium branded high quality atasan big wanita terbaru,30,"30,24,18",30,30,,26,0.071428571,1
777556280,terlaris crg162200 ghualian sabrina basic layer blouse lengan panjang baju wanita termurah,26,"26,17",26,26,,26,0.071428571,1
1249090065,kimi basic in navy shirt blouse wanita pakaian santai polos,26,"27,26","27,26","26,27",,26,0.142857143,1
1007140646,iphone x 64gb silver and space grey brand new sealed,31,31,31,31,,31,0.090909091,1
178257762,iphone 5s 16gb grey hitam garansi 1 tahun distributor,31,31,31,31,,31,0.090909091,1
919468530,iphone 7 128gb red product new segel bnib,31,31,31,31,,31,0.090909091,1
1469289766,promo sale new iphone 7 32gb second garansi apple masih aktif cuci gudang,35,31,31,31,,31,0.090909091,1
14030311,iphone 5s gold 64gb,31,31,31,31,,31,0.090909091,1
701147749,handphone iphone 6 16gb second bekas,31,31,31,31,,31,0.090909091,1
1645632826,samsung galaxy j6 4gb,32,32,32,32,,32,0.090909091,1
822555827,samsung galaxy s8 64gb duos new garansi inter,32,32,32,32,,32,0.090909091,1
1821307618,asli ben screen guard jelly anti gores clear shock for samsung galaxy s9 plus,32,39,32,32,,32,0.090909091,1
801277150,samsung galaxy infinite sch i759,32,32,32,32,,32,0.090909091,1
314656817,samsung galaxy s8,32,32,32,32,,32,0.090909091,1
267105571,android sony experia z1 white second terawat,33,33,33,33,,33,0.2,1
1195057765,promo ramadhan wa 0831 3992 2911 0812 1895 7345 sony xperia z2 big 4g fullset docomo mulus,33,33,33,33,,33,0.2,1
918966241,big promo beli 2 bonus 1 xiaomi mi max,34,34,34,34,,34,0.071428571,1
1760580440,nyata bagus xiaomi mia2 lite tempered glass blue ray mi a2,34,34,34,34,,34,0.071428571,1
1415300590,xiaomi mi a2 6x ram 4 64gb new garansi 1 tahun,35,34,34,34,,34,0.071428571,1
757357806,xiaomi mi 5 pro edition 128gb white,34,34,34,34,,34,0.071428571,1
972400387,khusus hari ini blackberry q20 original garansi distributor 2 tahun wa 085656748868,36,36,36,36,,35,0.033333333,1
1659264043,sharp sh 01f 3g second,48,48,48,48,,35,0.033333333,1
1240653834,coolpad 5267 4g lte ram 1gb white,35,35,35,35,Others,35,0.033333333,1
1829446953,super sale prince pc998 android murah pc 998 bonus case flip cover,35,39,35,35,Others,35,0.033333333,1
1620083053,cuci gudang asus zenfone 5 4 64 ze620kl midnight blue handphone murah,43,43,43,43,,35,0.033333333,1
298977774,nokia 105 new 2015 2000 contac hitam,38,38,38,38,,38,0.2,1
2078855,nokia 130,38,38,38,38,,38,0.2,1
745296539,oppo a37 smartphone gold,41,41,41,41,,41,0.052631579,1
517606562,oppo f3 gold 3.700.000,41,41,41,41,,41,0.052631579,1
962769102,diskon oppo f5 black ram 4gb internal 32gb segel new,32,41,41,41,,41,0.052631579,1
1787071687,oppo f9 starry purple,41,41,41,41,,41,0.052631579,1
1619146266,oppo f7 plus 128gb,41,41,41,41,,41,0.052631579,1
141942709,vivo v5,42,42,42,42,,42,0.125,1
1754615964,promo akhir tahun vivo v9 4gb 64gb garansi resmi indonesia 1,42,42,42,42,,42,0.125,1
1303576605,promo termurah minat chat langsung wa kmi 081244584797 vivo y71 ram 3gb matte black,42,42,42,42,,42,0.125,1
341410763,asus zenfone 3max,43,43,43,43,,43,0.111111111,1
,,,,,,,AVG,0.1009,1
